actor_id,actor_name,genre_count,genre_name
13,UMA WOOD,16,Music;Action;New;Travel;Children;New;Animation;Action;Sci-Fi;Sports;Foreign;Classics;Games;Comedy;Documentary;Animation;Travel;Children;Comedy;Comedy;Family;Documentary;Children;Games;Horror;Music;Sports;Animation;Sci-Fi;Family;Children;Classics;Drama;Documentary;Horror
72,SEAN WILLIAMS,16,Horror;New;Sports;Classics;Travel;Sci-Fi;Animation;Games;Travel;Children;Family;Travel;Foreign;Music;Foreign;Horror;Music;Animation;Documentary;Sports;Horror;Animation;Comedy;Games;Action;Drama
95,DARYL WAHLBERG,16,New;Horror;Foreign;Foreign;Horror;Music;Action;Foreign;Animation;Travel;Horror;Sci-Fi;Action;Foreign;Action;Sports;Children;Foreign;Family;Comedy;Games;New;Sports;Documentary;Animation;Action;Sports;Classics;Documentary;Travel;Drama
106,GROUCHO DUNST,16,Sci-Fi;Family;New;Action;New;Classics;Games;Action;Drama;Action;Animation;Family;Comedy;Foreign;Drama;Documentary;Classics;Foreign;Children;Sci-Fi;Foreign;Drama;Family;Games;Action;New;Documentary;Music;Sports;Family;Comedy;Family;Horror;Travel;Games
107,GINA DEGENERES,16,Documentary;Foreign;Music;New;Sci-Fi;Action;Sci-Fi;Drama;Drama;Music;Animation;Horror;Action;Sci-Fi;Family;Sci-Fi;Comedy;Children;Children;Animation;Classics;Music;Family;Foreign;Sci-Fi;Family;Classics;Documentary;Action;Family;Sports;Sci-Fi;Comedy;Games;Sports;Sci-Fi;Animation;Animation;Music;Comedy;Documentary;Travel
127,KEVIN GARLAND,16,Animation;Foreign;Children;Drama;Comedy;Games;Children;Comedy;Travel;Music;Children;Drama;Games;Comedy;Music;Foreign;Children;Children;Comedy;Family;Foreign;Family;Family;Horror;Sports;Drama;Documentary;Music;Sci-Fi;New;Action;Animation;Classics
139,EWAN GOODING,16,Music;Horror;Travel;Music;New;Drama;New;Foreign;Travel;Games;Action;Travel;Documentary;Family;Classics;Drama;Music;Children;Games;Animation;Comedy;Music;Sports;Sci-Fi;Foreign;Music;Sports;Drama;Sports;Classics;Games;Classics;Animation
155,IAN TANDY,16,Music;Action;Foreign;Sci-Fi;Music;Classics;Action;Sci-Fi;Family;Sports;Sports;Games;Documentary;Documentary;Foreign;Travel;Foreign;New;Drama;Children;Documentary;Children;Travel;Animation;Horror;Sports;Games;Documentary;Music;Music;Comedy
161,HARVEY HOPE,16,Family;Documentary;Animation;New;Sports;Comedy;Comedy;Family;Games;New;Foreign;Drama;Foreign;Classics;Classics;Travel;Children;Animation;Horror;Sci-Fi;Foreign;Games;Sci-Fi;Horror;Games;Action;Action;Animation;New;Music;Sci-Fi;Action
185,MICHAEL BOLGER,16,Comedy;New;Sci-Fi;Comedy;Travel;Action;Music;Documentary;Family;New;Horror;Animation;Travel;Classics;Games;Documentary;Foreign;Sports;Horror;Classics;New;Children;Drama;Foreign;Animation;Drama;Games;New;Horror;Documentary
197,REESE WEST,16,Foreign;Action;Family;Travel;Documentary;Family;Documentary;Games;Animation;Classics;Horror;New;Sci-Fi;Children;Drama;Comedy;Foreign;Classics;Sports;Sports;Sports;Family;Games;Music;Drama;Foreign;Classics;Animation;Classics;Sci-Fi;New;Drama;Horror
10,CHRISTIAN GABLE,15,Documentary;Horror;Children;Games;New;Drama;Music;Classics;Comedy;Action;Documentary;Classics;Animation;Horror;Sports;Travel;Foreign;Sci-Fi;Action;Documentary;Music;Music
12,KARL BERRY,15,Foreign;Music;Horror;Classics;Classics;Horror;Drama;New;Sci-Fi;Animation;Family;New;Animation;Children;Documentary;Foreign;Sports;Documentary;Travel;Music;Horror;Sports;New;Comedy;Horror;Drama;Documentary;Action;Comedy;Animation;Documentary
23,SANDRA KILMER,15,Foreign;Sports;Animation;Action;Classics;Games;Travel;Action;New;Sci-Fi;Sports;Sci-Fi;Children;Foreign;Family;Foreign;Sci-Fi;Children;Classics;Action;Music;Animation;Music;Sports;Drama;Sports;Horror;Animation;Travel;Children;Games;Children;Documentary;Horror;New;Travel;Music
56,DAN HARRIS,15,Family;Travel;New;Games;Sci-Fi;Travel;Children;Sports;Action;Foreign;Documentary;Music;Sports;Drama;Horror;Drama;New;Foreign;Games;Family;Sports;Sports;Classics;Travel;Animation;Sci-Fi;Music;Horror
60,HENRY BERRY,15,Family;Documentary;Music;Documentary;Sci-Fi;Drama;Drama;Horror;Sci-Fi;Animation;Action;Family;Classics;Travel;Horror;Foreign;Children;New;Foreign;Family;New;Horror;Horror;Family;Comedy;Drama;Travel;Travel;Animation;Horror;Games;Children;Documentary;Foreign;Animation
65,ANGELA HUDSON,15,Sci-Fi;Games;Action;Games;Games;Travel;Music;Comedy;New;Sci-Fi;Travel;Action;Music;Classics;Horror;Family;Children;Travel;Music;Sports;Animation;Games;Documentary;Sports;Animation;Horror;Drama;Classics;Sci-Fi;Children;Children;Comedy;Classics;Horror
80,RALPH CRUZ,15,Sci-Fi;Animation;Children;Family;Foreign;Action;Sports;Family;Children;Classics;Travel;Children;Games;New;Horror;Children;Sports;Documentary;Comedy;Documentary;Children;Drama;Documentary;Games;Comedy;Documentary;Games;Drama
101,SUSAN DAVIS,15,Classics;Children;Documentary;Drama;Games;Action;Music;Sports;Horror;New;Children;Horror;Action;Comedy;Children;Family;Sci-Fi;Drama;Family;Horror;Drama;Comedy;Travel;Classics;Sports;Children;Comedy;Music;Games;Comedy;Music;Foreign;Travel
104,PENELOPE CRONYN,15,Action;Sci-Fi;Documentary;Children;Animation;New;Documentary;Classics;Foreign;Travel;Animation;Action;Family;Horror;Sci-Fi;Drama;Sports;Horror;Music;Animation;Horror;Foreign;Comedy;New;Drama;Animation;Horror;Documentary;Documentary;Foreign;Children
128,CATE MCQUEEN,15,Sci-Fi;Family;Comedy;Children;Action;Children;Travel;Sci-Fi;Animation;Documentary;Family;Documentary;Music;Children;Music;Animation;Games;Documentary;Horror;Sports;Animation;Animation;New;Comedy;Comedy;Classics;Sci-Fi;Drama;Games;Horror
142,JADA RYDER,15,Sports;Animation;Drama;Family;Drama;Documentary;Documentary;Children;Sci-Fi;Action;Animation;New;Horror;Action;Drama;Music;Classics;Documentary;Children;Family;Documentary;Children;New;Action;Games;Animation;Sci-Fi;Sports;Comedy;Travel;Children
144,ANGELA WITHERSPOON,15,Animation;Action;Drama;New;Comedy;Action;Travel;Travel;Comedy;Action;Sports;Documentary;Classics;New;Classics;Sports;Drama;Sports;Sports;Sci-Fi;Documentary;Drama;Drama;Drama;Music;Sports;Sports;Horror;Family;Games;Documentary;Travel;Foreign;Travel;Animation
147,FAY WINSLET,15,Horror;Documentary;Classics;Family;Family;Comedy;New;Sports;Documentary;Sci-Fi;New;Games;Action;Music;Classics;Horror;Sci-Fi;Animation;Travel;Comedy;Foreign;Comedy;Games;Classics;Games;Animation;Children;Documentary;Children;Foreign;Music
150,JAYNE NOLTE,15,Animation;Family;Travel;Family;Action;Children;Classics;Documentary;Travel;New;Sci-Fi;Games;Travel;Animation;Sports;Games;Children;Games;Action;New;Documentary;Music;Comedy;Action;Drama;Sports;Horror;Children;Animation;Animation;Children;Animation;Animation;Classics
158,VIVIEN BASINGER,15,New;Foreign;Drama;Children;Sports;Animation;Sci-Fi;Comedy;Comedy;Games;Animation;Sports;Family;Drama;Games;Sports;Comedy;Music;Travel;Documentary;Children;Sci-Fi;Horror;Documentary;Family;Horror;Games;Action;Music;Animation;Travel;Children;Sci-Fi;Action;Horror
181,MATTHEW CARREY,15,Family;Documentary;Music;Animation;Family;Children;Sci-Fi;Travel;Travel;Horror;Foreign;Games;Games;Drama;Children;Sports;Family;Animation;Games;Comedy;Drama;Action;Games;Action;Games;Comedy;Travel;Sci-Fi;Classics;Animation;Sports;Travel;Horror;Classics;Animation;Drama;Action;Music;Action
187,RENEE BALL,15,Music;New;Action;Music;Sci-Fi;Music;Drama;Children;Comedy;Children;Horror;Travel;Classics;Children;Drama;Action;Foreign;Documentary;Sports;Family;New;Classics;New;Family;Sci-Fi;Action;Sports;Children;Sports;Comedy;Travel;Drama;Games
196,BELA WALKEN,15,Drama;Horror;Documentary;Travel;Comedy;Music;Action;Comedy;Children;Drama;Classics;Children;Comedy;Animation;Games;Documentary;Documentary;Documentary;Animation;New;Games;Family;Classics;Children;Comedy;Comedy;Foreign;Games;Comedy;Sci-Fi
198,MARY KEITEL,15,Documentary;New;Travel;Drama;Family;Games;Action;Family;Foreign;Action;Travel;Drama;Action;Games;Children;Animation;Classics;Family;Classics;Animation;Foreign;Comedy;Comedy;Sports;Children;Games;Sports;Sports;Drama;Sports;New;Sci-Fi;Classics;Comedy;Comedy;Animation;Animation;Sci-Fi;Documentary;Music
2,NICK WAHLBERG,14,Documentary;Family;Foreign;Action;Sci-Fi;Family;New;Classics;Animation;New;Classics;Sci-Fi;Foreign;Family;New;Children;Travel;Music;Family;Comedy;New;Games;Comedy;Travel;Drama
9,JOE SWANK,14,Horror;Music;Family;Foreign;Children;Games;Drama;Travel;Animation;Drama;Documentary;Documentary;Sports;Action;Horror;Music;Travel;Classics;Animation;Children;Children;Travel;Documentary;Action;New
11,ZERO CAGE,14,Animation;Action;Games;New;Family;New;Action;Sports;Animation;Sports;Children;Sports;Foreign;Documentary;Games;Music;Drama;Action;Horror;Documentary;Children;Children;Comedy;Drama;Travel
17,HELEN VOIGHT,14,New;Comedy;Children;Comedy;Animation;Documentary;Foreign;Games;Children;Games;Horror;Music;Documentary;Classics;Comedy;Foreign;Children;Drama;Children;Family;Sports;Documentary;Foreign;Action;Horror;Children;Children;Classics;Animation;New;Foreign;Children
19,BOB FAWCETT,14,Horror;Documentary;New;Children;Comedy;Animation;Action;Games;Classics;Comedy;Family;Drama;New;Animation;Travel;Animation;Documentary;Music;Sci-Fi;New;Music;Comedy;Drama;Travel;Music
21,KIRSTEN PALTROW,14,Foreign;Travel;Travel;Documentary;Comedy;Drama;Action;Games;New;Music;Music;Sports;Documentary;Games;Action;Comedy;New;Family;Horror;Sports;Documentary;Sci-Fi;Horror;Animation;Sci-Fi;New;Music
29,ALEC WAYNE,14,Sports;Drama;Action;Children;Classics;Music;Drama;New;Family;Drama;Sci-Fi;Foreign;Comedy;Travel;New;Comedy;Sci-Fi;Music;Classics;Sports;Sports;Children;New;Games;Sci-Fi;Documentary;Classics;Children;Drama
33,MILLA PECK,14,Action;Foreign;Sports;Animation;Children;Action;New;Games;Drama;Animation;Action;Drama;Sports;Classics;Documentary;Children;Horror;Comedy;Drama;Travel;Horror;Horror;Sci-Fi;Children
36,BURT DUKAKIS,14,Foreign;Sci-Fi;Horror;Family;Animation;New;Foreign;Games;Games;Sci-Fi;Comedy;Music;Documentary;Sports;Documentary;Classics;Foreign;Family;Animation;New;Horror;Sci-Fi;Family;Horror;Classics;Sports;Action;Travel;Games
37,VAL BOLGER,14,Sports;Music;Action;Animation;Comedy;Horror;Drama;Drama;Action;Sports;Horror;Comedy;Foreign;Music;Children;Games;Comedy;Children;Comedy;Sci-Fi;Children;Drama;Classics;Classics;Action;Travel;Sci-Fi;Games;Children;Foreign;Documentary;Animation;Documentary;Travel;Music
41,JODIE DEGENERES,14,Horror;Classics;Sci-Fi;Music;Foreign;Documentary;Comedy;Action;Sci-Fi;Action;Drama;Classics;Action;New;Documentary;Sports;Documentary;Games;Comedy;Foreign;Sports;Music;Family;Sports;Travel;Horror;Travel;Sci-Fi;Drama
42,TOM MIRANDA,14,Horror;Family;Family;New;Music;Foreign;Comedy;Children;Horror;Horror;Games;Comedy;Travel;Horror;Music;Documentary;Documentary;Foreign;Sci-Fi;Games;Animation;Family;Horror;Sports;Drama;Horror;Comedy
45,REESE KILMER,14,Animation;Horror;Children;Action;Games;Documentary;Sports;Foreign;Documentary;Animation;Documentary;Foreign;Sports;Foreign;Classics;Comedy;Sports;Games;Classics;Comedy;Sci-Fi;Music;Family;Music;Family;Classics;Foreign;Animation;New;Documentary;Family;Comedy
46,PARKER GOLDBERG,14,Action;Music;Music;Sports;Sci-Fi;Sci-Fi;Documentary;New;Animation;Sports;Comedy;New;Music;Foreign;Classics;Drama;Children;Animation;Family;Horror;Sports;Children;Music;Action
47,JULIA BARRYMORE,14,New;Animation;Family;Action;Drama;Travel;Family;Horror;Comedy;Classics;Games;Documentary;Documentary;Documentary;Horror;Foreign;Sports;Travel;Drama;New;Drama;Sci-Fi;Drama;Documentary
49,ANNE CRONYN,14,Family;Sci-Fi;Sci-Fi;Foreign;Action;Drama;Family;Family;Documentary;Documentary;Children;Animation;Classics;Horror;Action;New;Action;Foreign;Drama;Drama;Horror;Classics;Sports;Travel;Action;Travel;Music
53,MENA TEMPLE,14,Documentary;Horror;Music;Documentary;New;Horror;Action;Travel;Sports;Animation;Sci-Fi;Travel;Classics;Travel;Games;New;New;New;Games;Travel;Children;Documentary;Sports;Action;Classics;Family;New;Foreign;Foreign;Music
58,CHRISTIAN AKROYD,14,Children;Children;Comedy;Foreign;Sports;Family;Documentary;Sci-Fi;Comedy;Animation;Sports;Games;Games;Action;Music;Foreign;Music;Animation;Action;New;Children;Classics;Sci-Fi;New;New;Comedy;Documentary;Foreign;Children;Horror;Horror;Comedy
62,JAYNE NEESON,14,Foreign;Sports;Music;Foreign;Documentary;Documentary;Foreign;Games;Family;Drama;Documentary;Foreign;Action;Comedy;Documentary;Music;Games;Comedy;Family;Classics;Documentary;New;Children;Action;Sports;Classics;Travel;Travel;Horror
66,MARY TANDY,14,Sci-Fi;Drama;Foreign;New;Action;Drama;New;Animation;Travel;Sci-Fi;Sports;Foreign;Children;Travel;Children;Children;Sports;Action;Drama;Classics;Foreign;Action;Family;Comedy;Horror;Action;Children;Classics;Foreign;Documentary;Children
68,RIP WINSLET,14,Horror;New;Music;Music;Action;Family;Games;Music;Sci-Fi;Family;Animation;Games;Travel;Classics;Music;Foreign;Travel;Drama;Foreign;Documentary;Foreign;Games;Horror;Sports;Drama;Games;Documentary;Sci-Fi;Games;Foreign
69,KENNETH PALTROW,14,Foreign;Travel;Action;Comedy;Games;Action;Animation;Games;Sci-Fi;Drama;Foreign;Documentary;Comedy;Sports;New;Horror;Children;Documentary;Children;Music;Travel
76,ANGELINA ASTAIRE,14,Classics;Children;Children;New;Horror;Sports;Animation;Sci-Fi;New;Family;Comedy;Animation;Sports;Family;Comedy;Comedy;Sports;Travel;Travel;Documentary;Drama;New;Comedy;Games;Action;Classics;Family;Horror;Sci-Fi;New;Drama
81,SCARLETT DAMON,14,Horror;Foreign;Children;Animation;Comedy;Drama;Action;Games;Documentary;Games;Sports;New;Animation;Children;Comedy;Sports;Music;Sports;Family;New;Children;Games;Horror;Foreign;Animation;Classics;Action;Comedy;Sports;Drama;Animation;Family;Sports;Children;Drama;Drama
82,WOODY JOLIE,14,Music;Drama;Foreign;Drama;Comedy;Comedy;Comedy;Foreign;Games;Games;Children;Sports;Children;Classics;Documentary;Sports;Horror;New;New;New;Travel;Action;Action;Sci-Fi;Horror;Music;Sci-Fi;Action;New;Comedy;Sci-Fi
85,MINNIE ZELLWEGER,14,Horror;Classics;Documentary;Documentary;Horror;Foreign;New;Foreign;Sci-Fi;Classics;Foreign;Sports;Foreign;Sports;Animation;Horror;Comedy;Comedy;Travel;New;Games;Drama;Sports;Sci-Fi;Children;Documentary;Action;Sports;Classics;Foreign;Documentary
90,SEAN GUINESS,14,Horror;Foreign;Foreign;Sports;Action;Family;Action;Animation;Music;Sci-Fi;Music;Comedy;Family;Games;Animation;Family;Travel;Sci-Fi;Comedy;Action;Action;Classics;Classics;Sports;Drama;Sci-Fi;Action;Documentary;Comedy;Travel;Animation;Animation;Documentary
92,KIRSTEN AKROYD,14,New;Family;Travel;Foreign;Travel;Sci-Fi;Foreign;Action;Sci-Fi;Games;New;Comedy;Sports;Animation;Children;Classics;Travel;Foreign;Children;Children;Animation;Comedy;Drama;Drama;New;Games;Documentary;Drama;Action;Action;Action;Children;Foreign;Action
98,CHRIS BRIDGES,14,Children;Documentary;Sci-Fi;Travel;Drama;Sports;Family;Action;Action;Classics;Foreign;Family;New;Foreign;Family;Music;Classics;Documentary;Foreign;Comedy;Sports;Family;Family;Sci-Fi;Children;Sci-Fi;Horror
99,JIM MOSTEL,14,Comedy;Sports;Travel;Action;Sports;Animation;Games;Foreign;Horror;New;Classics;Music;Sci-Fi;Horror;Drama;Sci-Fi;Documentary;Music;Comedy;Foreign;Music;Sports;Games;Sci-Fi;Comedy;Action
102,WALTER TORN,14,Music;Horror;Family;Travel;Children;Action;Games;Action;Animation;Animation;Action;Horror;Horror;Drama;Foreign;Sports;Children;Games;Sports;Drama;Travel;Comedy;Documentary;Horror;Foreign;Sports;Games;Sports;Documentary;Drama;Classics;Sports;Action;Family;Classics;Comedy;Foreign;Children;Drama;Drama;Music
105,SIDNEY CROWE,14,Music;Foreign;Action;Action;Sports;Classics;Music;Animation;Children;New;Family;Music;Sports;Family;Action;New;New;Sports;Animation;New;New;Family;Sci-Fi;Games;Comedy;Children;Sci-Fi;Comedy;Drama;Action;New;Horror;Children;New
109,SYLVESTER DERN,14,Music;Children;New;Children;Music;Classics;Animation;Games;Documentary;Sports;Documentary;Comedy;Classics;Family;Action;Family;Travel;Children;Sci-Fi;Horror;Children;Sci-Fi
111,CAMERON ZELLWEGER,14,Drama;Animation;Drama;Action;Drama;Action;Animation;Family;Games;Drama;Documentary;Foreign;Sports;Animation;Games;Comedy;Family;Children;Drama;Foreign;Family;Comedy;Games;Classics;Action;Horror;Classics;Sports;New;Travel;Games;Classics;Documentary
117,RENEE TRACY,14,Sports;Foreign;Sports;Travel;Comedy;Classics;Sports;Travel;Foreign;Family;Sci-Fi;Games;Foreign;Action;Children;Classics;Foreign;Children;Family;Classics;Action;Family;Foreign;Drama;Family;Travel;Travel;Music;Documentary;Sci-Fi;Children;Animation;Documentary
119,WARREN JACKMAN,14,Action;Sci-Fi;Drama;Travel;Drama;Horror;Drama;Drama;Games;Sci-Fi;Documentary;Drama;Music;Children;Drama;Foreign;Sports;Music;Games;Music;Animation;Animation;Foreign;New;Sports;Children;Documentary;Action;Comedy;Travel;Foreign;Comedy
133,RICHARD PENN,14,Comedy;Music;Music;Drama;Action;New;Children;Travel;Sci-Fi;Travel;Horror;Drama;Comedy;Sci-Fi;Sci-Fi;Comedy;Foreign;Sports;Drama;Children;Action;New;Classics;Family;New;Travel;Drama;Travel;New;Documentary
136,ED MANSFIELD,14,Music;New;Drama;Action;Drama;Animation;Children;Action;Animation;Sports;Family;Action;Travel;Animation;New;Drama;Foreign;Sports;Sports;Children;Action;Documentary;Sci-Fi;Animation;New;Games;New;Classics;Drama;Games;New;Children
141,CATE HARRIS,14,Family;Action;Comedy;Children;Foreign;Animation;Classics;Classics;Foreign;Action;Foreign;Children;Documentary;Foreign;Music;Horror;Music;Children;Drama;Travel;Foreign;Family;Games;Animation;Classics;Sci-Fi;Horror;Documentary
149,RUSSELL TEMPLE,14,Family;Documentary;New;Animation;Family;Drama;Sci-Fi;Comedy;Travel;Comedy;Comedy;Animation;Travel;Children;Games;Comedy;Family;Sports;Documentary;New;Children;Sports;Family;Travel;Classics;Comedy;New;Music;Foreign;Games;Documentary
157,GRETA MALDEN,14,Sports;Horror;Horror;Horror;Comedy;Family;Action;Games;Sports;Action;New;Animation;Foreign;Documentary;Games;Foreign;Travel;Horror;Children;Action;Comedy;Documentary;Travel;Foreign;Animation;Documentary;Action;Games;Classics;New;Sci-Fi;Documentary
165,AL GARLAND,14,Documentary;New;Drama;Drama;Action;Travel;Action;Action;Action;Foreign;Family;Drama;Foreign;Animation;Action;Animation;Horror;Sports;Sci-Fi;Games;Sports;Family;Children;Foreign;New;Classics
166,NICK DEGENERES,14,New;Action;Sci-Fi;Drama;Children;Music;Drama;Music;Classics;Games;Animation;Sports;Drama;Music;New;Documentary;Foreign;Sci-Fi;Documentary;Family;Drama;Comedy
167,LAURENCE BULLOCK,14,Music;New;Family;Documentary;Drama;Sports;Children;Travel;Sci-Fi;Travel;Classics;Travel;Classics;Children;Sports;Comedy;Animation;Action;Documentary;Action;Horror;Action;Horror;Children;Drama;Drama
178,LISA MONROE,14,Horror;Horror;New;Drama;Animation;Documentary;Action;Sports;Family;Foreign;Sci-Fi;Games;Sports;Classics;Documentary;Documentary;Sports;Classics;Games;Sci-Fi;New;Music;Comedy
180,JEFF SILVERSTONE,14,Music;Drama;New;Sci-Fi;Horror;Documentary;Horror;New;Travel;Documentary;Sports;Comedy;Family;Sports;Action;Sports;Sports;Travel;Animation;Family;New;Action;Classics;Children;Animation
190,AUDREY BAILEY,14,Action;Music;Documentary;Travel;Drama;Sci-Fi;Action;Music;Games;Sci-Fi;Music;Music;Travel;Action;Music;Sports;Foreign;Family;Family;Animation;Family;Foreign;Documentary;Action;New;Classics;Children
192,JOHN SUVARI,14,Foreign;Sci-Fi;Games;New;Classics;Drama;Children;Sports;Sci-Fi;Music;New;Animation;Horror;Children;Animation;Classics;Music;Games;Drama;Documentary;Foreign;New;Comedy;Family;Documentary;Sci-Fi;Games;Sports;Music
195,JAYNE SILVERSTONE,14,Documentary;Action;Games;New;Sci-Fi;Family;Sports;Children;Drama;Horror;Sci-Fi;Family;Games;Music;Animation;Horror;Music;New;Drama;Foreign;Foreign;Games;Action;Sports;Action;Horror;Classics
1,PENELOPE GUINESS,13,Documentary;Animation;New;Games;Sci-Fi;Classics;Horror;Sports;Games;Family;Horror;Children;Foreign;New;Horror;Family;Comedy;Classics;Music
5,JOHNNY LOLLOBRIGIDA,13,Action;Music;Documentary;Drama;Horror;Drama;Comedy;Sci-Fi;Travel;Travel;Games;New;Sci-Fi;Action;Sports;Children;Music;Sports;Horror;Documentary;Documentary;Horror;Documentary;New;Action;Travel;Sci-Fi;Sports;Animation
15,CUBA OLIVIER,13,Family;Animation;Classics;New;Travel;Games;Horror;Children;Animation;Travel;Foreign;Classics;Foreign;Comedy;Animation;Children;Action;Children;New;Sports;Travel;Family;Sci-Fi;Animation;Sci-Fi;Games;Action;Sci-Fi
16,FRED COSTNER,13,Family;Travel;Documentary;Animation;New;Sci-Fi;Drama;Documentary;New;Family;Action;Children;Action;Family;Games;Sports;Foreign;Animation;Sports;Classics;Animation;Animation;Action;Drama;Sports;Animation;Sci-Fi
20,LUCILLE TRACY,13,Documentary;Music;Family;Sci-Fi;Drama;Sci-Fi;Family;Animation;Family;Documentary;Family;Drama;Classics;Comedy;New;Family;Horror;Foreign;New;Documentary;Drama;Classics;Classics;Sci-Fi;Action;Documentary;Travel;Sci-Fi;Classics;Travel
26,RIP CRAWFORD,13,Horror;Action;Horror;New;New;Travel;Family;Drama;Foreign;Drama;Animation;Action;Action;New;Family;Sci-Fi;Children;Comedy;Documentary;Animation;New;Animation;Family;Children;Family;Action;Drama;Sports;Family;Foreign;Horror;Horror;Comedy
28,WOODY HOFFMAN,13,Classics;Family;Documentary;Music;New;Drama;Animation;Sports;Action;Classics;Comedy;Games;Sports;New;Action;Games;Sports;Sci-Fi;Classics;Family;Animation;Drama;Action;Animation;Drama;Games;Music;Foreign;Animation;Documentary;New
32,TIM HACKMAN,13,Horror;Travel;Travel;Foreign;New;Sports;Documentary;Documentary;Family;Sci-Fi;Drama;Documentary;Foreign;Classics;Foreign;Drama;Sports;Animation;Sports;Foreign;Classics;Children;Music
34,AUDREY OLIVIER,13,Family;New;Comedy;Travel;Drama;Comedy;Music;Documentary;Sports;Documentary;Games;Foreign;Comedy;Classics;Sports;New;Sports;Documentary;Action;Sports;New;Children;Foreign;Classics;Foreign
38,TOM MCKELLEN,13,Horror;Action;Animation;Sports;Animation;Animation;Documentary;Comedy;Sci-Fi;Foreign;New;Children;Family;Action;Music;Children;Animation;Drama;Sports;Foreign;Action;Drama;Sci-Fi;Children;Horror
40,JOHNNY CAGE,13,Documentary;Foreign;Horror;Drama;Foreign;New;Sci-Fi;Animation;Travel;Animation;Sci-Fi;Sci-Fi;Drama;Sports;Documentary;Horror;Drama;Sci-Fi;Horror;Classics;Games;Comedy;Horror;Games;Travel;Action;Animation;New;Comedy
50,NATALIE HOPKINS,13,Action;Comedy;Animation;Documentary;Documentary;Travel;Action;Games;Action;Sports;Drama;Action;Sports;Family;Family;Drama;Sci-Fi;Documentary;Games;Family;New;Travel;Comedy;Action;Action;Family;Family;Games;Drama;Children;Sci-Fi;Foreign
51,GARY PHOENIX,13,Family;Family;Travel;Foreign;Animation;Sci-Fi;Action;Games;Sports;Animation;New;Classics;Documentary;Sports;Sports;Documentary;Horror;New;New;Classics;Classics;Sports;New;Horror;Children
52,CARMEN HUNT,13,Music;Horror;New;New;Sci-Fi;Classics;Classics;Foreign;Comedy;Documentary;Children;Sports;Children;Sports;Foreign;Games;Action;New;Foreign;Sci-Fi;Documentary;Travel;Music;Action;Classics;Children
54,PENELOPE PINKETT,13,Travel;Documentary;Documentary;Classics;Sci-Fi;Action;Horror;Family;Animation;Animation;Comedy;Games;Horror;Music;Animation;Horror;Comedy;Sports;Games;Comedy;Games;New;Classics;Travel;Horror
57,JUDE CRUISE,13,Foreign;Horror;Documentary;Sci-Fi;Horror;Animation;New;Sci-Fi;Foreign;Family;Horror;New;Comedy;New;Documentary;Family;Games;Comedy;Music;Foreign;Sci-Fi;New;Action;Sci-Fi;Action;Horror;Music;Children;Classics;Children
59,DUSTIN TAUTOU,13,Family;Games;Music;Documentary;Travel;Animation;Documentary;Action;Family;Action;Animation;Documentary;Drama;Sci-Fi;Animation;Documentary;Foreign;Classics;Horror;Documentary;Horror;Drama;Children;Classics;Documentary;Family;Foreign
64,RAY JOHANSSON,13,Documentary;Sports;Classics;Travel;Travel;Children;Sports;Children;Sports;Travel;Comedy;Family;New;Classics;Classics;Horror;Travel;Family;Animation;Sci-Fi;Games;Documentary;Games;Classics;Family;Children;Sci-Fi;Music;Documentary;Music
67,JESSICA BAILEY,13,Horror;Travel;Action;New;Comedy;Music;Sports;Games;Music;Travel;Classics;Documentary;Travel;Classics;Foreign;Classics;Drama;Games;Horror;Action;Documentary;Sci-Fi;Travel
75,BURT POSEY,13,Music;Horror;Drama;Foreign;Horror;Horror;Travel;Sports;New;Classics;Sports;New;Family;Games;Animation;Children;Action;Travel;Sports;Classics;Sports;Family;Horror;New
77,CARY MCCONAUGHEY,13,Horror;New;Documentary;Sci-Fi;Animation;Sci-Fi;Travel;Sci-Fi;Animation;Documentary;Children;Family;Family;New;Foreign;Sports;New;Classics;Horror;Comedy;Documentary;Animation;Drama;Children
78,GROUCHO SINATRA,13,Music;Animation;Sports;Documentary;Comedy;Horror;Games;Documentary;Family;Documentary;Children;Sci-Fi;Action;Action;Documentary;Sports;Documentary;Foreign;Foreign;Games;Music;Travel;Children;Animation;Animation;Action
79,MAE HOFFMAN,13,New;Drama;Documentary;Games;Action;Drama;Comedy;Family;New;Family;Travel;Sci-Fi;Family;Animation;Drama;Foreign;Sports;Family;Games;Family;New;Family;Foreign;Documentary;Documentary;Games;Children;Animation
84,JAMES PITT,13,Action;Sci-Fi;Games;Family;Children;Games;Foreign;Sci-Fi;Comedy;Comedy;Foreign;Foreign;Family;Children;Comedy;Music;Foreign;Action;Documentary;Documentary;Games;Animation;Sports;Sports;Sports;Sports;Horror;Classics;Animation;Family;Documentary
94,KENNETH TORN,13,Horror;Classics;Music;Horror;Sci-Fi;Animation;Documentary;Classics;New;Horror;New;Sports;Foreign;Children;Animation;Family;Documentary;Drama;Horror;Classics;Sports;Drama;Foreign;Music;Classics;New;Documentary;Documentary;Family;Drama;Documentary;Classics;Travel
100,SPENCER DEPP,13,Music;Animation;Action;Music;Foreign;Travel;Games;Travel;Sci-Fi;Music;New;Sports;Classics;New;Action;Travel;Music;Horror;Games;Drama;Sci-Fi;Drama;Action;Documentary
108,WARREN NOLTE,13,Documentary;Foreign;Horror;Sci-Fi;Animation;Documentary;Comedy;Music;Games;Sci-Fi;Music;Drama;Horror;Games;Sports;New;Foreign;Travel;Classics;Sci-Fi;Music;Animation;Animation;Horror;Music;Sports;Music;Classics;Animation;Animation;Travel;New;Drama;Documentary
112,RUSSELL BACALL,13,Horror;Classics;Sci-Fi;Drama;Comedy;Family;Sci-Fi;Sports;Comedy;Children;Foreign;Family;Sports;Games;Drama;Family;Drama;Drama;Sports;Sci-Fi;Family;Horror;Animation;Action;Travel
114,MORGAN MCDORMAND,13,Horror;Children;New;Action;Comedy;Action;Action;Sports;Sports;New;Travel;Sports;Classics;Foreign;New;Sports;Documentary;Games;Drama;Sports;Games;Family;New;Foreign;Children
116,DAN STREEP,13,Animation;Children;Travel;New;Action;Foreign;Documentary;Sci-Fi;Music;Documentary;Sports;Travel;New;New;Foreign;Sports;Documentary;Music;Horror;Games;Travel;Sports;Comedy;Games
118,CUBA ALLEN,13,Horror;Sci-Fi;Travel;Sci-Fi;Sci-Fi;New;Games;Sci-Fi;Foreign;Music;Foreign;Family;Sports;Children;New;Sci-Fi;Foreign;Travel;Family;Children;Documentary;Children;Comedy;Foreign;Drama
126,FRANCES TOMEI,13,Action;Horror;Family;Documentary;Documentary;New;Animation;Action;Documentary;Sports;Sports;Travel;Comedy;Travel;Sci-Fi;Children;Family;Children;Classics;Foreign;New;Sports;Sci-Fi
130,GRETA KEITEL,13,Horror;Sci-Fi;Classics;Family;Sci-Fi;Travel;Drama;Foreign;Animation;Animation;Action;Foreign;Foreign;Foreign;Sports;Comedy;Games;Classics;Action;Music;Horror;Classics;Sports;Sports;Action;Sci-Fi;Travel
134,GENE HOPKINS,13,Sci-Fi;Family;Music;Documentary;Animation;Action;Music;Classics;Travel;Comedy;New;Children;Games;Sci-Fi;Drama;Animation;Games;Children;Drama;Action;Action;Music
138,LUCILLE DEE,13,Horror;Foreign;Drama;Travel;Children;Children;Horror;Foreign;Drama;Sports;Sports;Games;Children;New;Animation;Documentary;Family;Family;Games;Music;Horror;Drama;Classics;Travel
140,WHOOPI HURT,13,Sports;New;Foreign;Sports;Foreign;Horror;Children;Children;Family;Children;Documentary;Documentary;Sports;Children;Music;Horror;Documentary;Animation;Horror;Sports;New;Classics;Family;Games;Family;Animation;Horror;Games;Comedy;Drama;Games;Children
145,KIM ALLEN,13,Sci-Fi;New;Sports;Animation;New;Animation;Sports;Animation;Children;Documentary;Horror;Classics;Horror;Horror;Music;Sci-Fi;Documentary;Foreign;Foreign;Action;Animation;Documentary;Foreign;Action;Family;Sci-Fi;Drama;Animation
146,ALBERT JOHANSSON,13,Music;Foreign;Drama;Games;Sci-Fi;Children;Sports;Foreign;Drama;Music;Sci-Fi;Animation;New;Sports;Music;Animation;Comedy;Documentary;Sports;Classics;Drama;Documentary;Games;New;Classics;Documentary;Comedy;Horror;Horror;Documentary;Children;Documentary;Drama
151,GEOFFREY HESTON,13,Classics;New;Travel;Foreign;Games;Games;Travel;Sci-Fi;Children;Games;Travel;Sports;Classics;Action;Horror;Drama;Sports;Action;Family;Horror;Horror;Animation;Animation;Animation;Classics;Travel
152,BEN HARRIS,13,Children;Sci-Fi;Games;Documentary;Action;Comedy;Horror;Family;Classics;Foreign;Classics;Animation;Foreign;Comedy;Sports;Children;Foreign;New;Classics;Sports;Action;Action;Action
154,MERYL GIBSON,13,Sports;Action;Games;Music;Travel;Foreign;Animation;Animation;Documentary;Comedy;Drama;Travel;Animation;Drama;Foreign;Foreign;Foreign;Foreign;Sports;Animation;Children;Sci-Fi;Comedy;Documentary;Action;Games;New;Travel
156,FAY WOOD,13,Family;New;Foreign;Music;Family;Sports;Sci-Fi;Classics;Horror;Animation;Drama;New;Music;Foreign;Drama;Travel;Horror;Games;Foreign;Comedy;Drama;Sports
159,LAURA BRODY,13,Music;Family;Comedy;Sports;Documentary;Animation;Animation;Documentary;Travel;Children;Children;New;Drama;Action;New;Horror;Foreign;Comedy;Travel;Foreign;Horror;Action;Drama;Horror;Drama;Comedy
164,HUMPHREY WILLIS,13,Foreign;Animation;Foreign;Travel;Action;Comedy;Travel;Sci-Fi;Foreign;New;Classics;Foreign;Family;Comedy;Music;Sports;Documentary;Children;Animation;Family;Documentary;Sports;Music;Foreign;Foreign;Foreign
168,WILL WILSON,13,New;Action;Horror;Action;Comedy;Classics;Animation;Sports;Animation;Music;New;Documentary;Games;Animation;Games;Sports;Sci-Fi;Sports;Children;Classics;Sports;New;Horror;Games;Travel;Sports;Animation;Children;Animation;Action;Children
170,MENA HOPPER,13,Comedy;Foreign;Sports;Drama;Sports;Family;Classics;Classics;Action;Travel;Sports;Classics;Foreign;Games;Classics;Foreign;Drama;Sports;Travel;Music;Animation;Documentary;Children;Documentary
173,ALAN DREYFUSS,13,Sci-Fi;Sci-Fi;Music;Family;Games;Animation;Action;Comedy;Sci-Fi;Horror;Drama;Travel;Children;Travel;Comedy;Family;Animation;Documentary;Music;Children;Family;Documentary;Children;Comedy;Music;Children;New
174,MICHAEL BENING,13,Foreign;Drama;Children;Sci-Fi;Games;Family;Travel;Travel;Family;Drama;Documentary;Action;New;Foreign;Horror;Family;Music;Sports;Drama;Horror;Children;Children;Music;Action
175,WILLIAM HACKMAN,13,Horror;Action;Action;Documentary;New;Classics;Children;Games;Travel;Children;Drama;Family;Games;Games;Games;Documentary;Sports;Sports;Drama;Family;Classics;Games;Sports;Foreign;Travel;Comedy;Horror
176,JON CHASE,13,Horror;Sci-Fi;Animation;Documentary;Action;Children;Action;Action;New;Drama;Action;Documentary;Family;Animation;Sports;Drama;Travel;Children;Games;Foreign;Horror;Games;Drama;Action;Drama;Sci-Fi;Animation;Travel;Family
179,ED GUINESS,13,Horror;Sports;Horror;Documentary;New;Classics;Comedy;Animation;Action;Sports;Foreign;Horror;Sports;Children;Animation;Foreign;Children;Documentary;Documentary;Action;Horror;Foreign;Travel;Sci-Fi;Children;Sci-Fi;Travel;Documentary;Games
182,DEBBIE AKROYD,13,Drama;Animation;Horror;Comedy;Classics;Games;Family;Comedy;Foreign;Family;New;Family;Sports;New;Family;Family;Sci-Fi;New;Music;Classics;Foreign;Children;Sports;Horror
184,HUMPHREY GARLAND,13,Horror;Travel;Drama;Travel;Documentary;Documentary;Action;Foreign;Foreign;New;Foreign;Action;New;Games;Animation;Foreign;Travel;Documentary;Foreign;Games;Sports;Drama;Travel;Family;Children;Documentary;Sci-Fi;Drama;Sci-Fi
188,ROCK DUKAKIS,13,Documentary;Sports;Classics;Music;Sports;Action;Drama;Documentary;Animation;New;Foreign;Sports;Sci-Fi;Drama;Documentary;Horror;Sports;Comedy;Foreign;Horror;Sports;Drama;Foreign;Sports;Comedy;Classics;Animation;Documentary;Travel;Travel
189,CUBA BIRCH,13,Family;Family;Horror;Classics;Drama;Family;Music;New;Children;Classics;Sports;Foreign;Classics;Games;Sports;Documentary;Action;Documentary;Animation;Children;Drama;Children;Classics;Sports
191,GREGORY GOODING,13,Foreign;Sci-Fi;Travel;Foreign;Documentary;Sports;Sci-Fi;Music;Comedy;Sports;Animation;Documentary;New;Games;Comedy;Sports;Animation;Drama;Children;Music;Drama;Horror;Documentary;Animation;Comedy;Travel;Drama;Drama;Foreign;Children
193,BURT TEMPLE,13,Sci-Fi;Family;Travel;New;Comedy;Games;Documentary;Sports;Games;Classics;Foreign;Documentary;Music;Foreign;Drama;Sports;Games;Classics;Documentary;Sports;New;Animation;Documentary
4,JENNIFER DAVIS,12,Animation;New;Action;Documentary;Drama;Travel;Animation;Drama;Music;Sports;New;Documentary;New;Sports;Documentary;Sci-Fi;Music;Sci-Fi;Family;Comedy;Horror;Sci-Fi
14,VIVIEN BERGEN,12,Animation;Sports;Games;Animation;Action;Music;Horror;Music;Action;Children;Horror;Action;Drama;Music;Travel;Horror;Horror;Classics;Classics;Sports;Children;New;Sports;New;Horror;Sports;Foreign;Games;New;Classics
18,DAN TORN,12,Sci-Fi;Travel;New;Drama;Animation;Sports;Children;New;Travel;Foreign;Music;Classics;Classics;New;Sports;Action;Classics;Games;Sci-Fi;Children;Sports;Drama
25,KEVIN BLOOM,12,Action;Music;Sci-Fi;Drama;Drama;Family;New;Animation;Foreign;Comedy;Music;Sports;New;Animation;Animation;Sports;Children;Action;Children;Comedy;Travel
27,JULIA MCQUEEN,12,Action;Horror;Documentary;Documentary;Drama;Family;Horror;Travel;Family;Music;Horror;Music;Music;Foreign;Sports;Music;Action;Horror;Sci-Fi;Family;Family;Family;Drama;Animation;Horror;Horror;Children;Animation;Children;Horror;Sci-Fi;Animation;Documentary
30,SANDRA PECK,12,Documentary;Family;Drama;Sci-Fi;New;Travel;Sports;Family;Travel;Action;Horror;Action;New;Classics;Foreign;Action;Music;Action;Documentary
39,GOLDIE BRODY,12,Family;Sci-Fi;Children;Sci-Fi;Horror;Foreign;Sports;New;Horror;Classics;Foreign;Animation;Family;Sci-Fi;Documentary;Sports;Sports;Travel;Drama;Foreign;Animation;Family;Animation;Family;Drama;Classics;Sci-Fi;New
48,FRANCES DAY-LEWIS,12,Comedy;Documentary;Animation;Documentary;Documentary;Games;Animation;New;Action;Documentary;Sci-Fi;Family;Family;Animation;Family;Horror;Foreign;Sci-Fi;Sports;Sports;Travel;Foreign;Documentary;Foreign;Horror;Documentary
55,FAY KILMER,12,Horror;Sports;Travel;Sports;Travel;New;New;Drama;Children;Foreign;Family;Sports;Sci-Fi;Drama;Documentary;Drama;Classics;Drama;Sci-Fi;Animation
70,MICHELLE MCCONAUGHEY,12,Family;Family;Horror;Comedy;Games;Classics;Foreign;Children;Children;Foreign;Sports;Documentary;Drama;Foreign;Sports;Games;Classics;Action;Documentary;Horror;Action;Animation;Action
73,GARY PENN,12,Animation;New;Music;New;Foreign;Animation;Horror;Sports;Sci-Fi;Drama;Foreign;Classics;New;Music;Foreign;Documentary;Drama;Sports;Action;Action;Drama;Action;Music;Family;Classics;Horror
74,MILLA KEITEL,12,Comedy;Sci-Fi;Games;Foreign;Foreign;Sci-Fi;Sports;New;Horror;Classics;Sports;Classics;Travel;Family;Children;Sci-Fi;Classics;Comedy;New;Games;Family;Horror;Documentary;Sports;Travel;Travel;Sports;Games
86,GREG CHAPLIN,12,Sci-Fi;New;Classics;New;Classics;Action;Games;New;Family;Classics;Classics;Foreign;Sports;Sci-Fi;Classics;Foreign;Sports;Music;Music;New;Classics;Comedy;Travel;Sci-Fi;Comedy;Drama;Foreign
91,CHRISTOPHER BERRY,12,Horror;New;Children;Sports;Travel;Classics;Comedy;Foreign;Games;Classics;Foreign;Children;Action;Children;Games;Family;Animation;Animation;Games;Action
93,ELLEN PRESLEY,12,Family;Sports;Children;Children;Animation;Travel;Documentary;Classics;Sports;Drama;Children;Family;Animation;Sports;Comedy;Games;Classics;Children;Sports;Games;Horror;Classics;Horror;Animation;Action
96,GENE WILLIS,12,Horror;Animation;Documentary;Music;Documentary;Children;Animation;Drama;Music;New;Animation;Foreign;Foreign;Sci-Fi;New;Foreign;Family;Family;New;Classics;Documentary;Action;Music
103,MATTHEW LEIGH,12,Family;Animation;Action;Sports;Documentary;Documentary;Games;Documentary;Action;Sci-Fi;Family;Action;Music;Travel;Children;Action;Music;Family;Drama;Travel;Family;Drama;Animation;Children;Family;Classics;Travel;Sci-Fi;Drama;Games
115,HARRISON BALE,12,Sci-Fi;Foreign;Animation;Foreign;Horror;Games;Drama;Sports;Family;Family;Horror;Foreign;Foreign;Animation;Foreign;Sports;New;Animation;Sci-Fi;Horror;Comedy;New;Animation;Documentary;Children;Documentary;Sci-Fi;New
121,LIZA BERGMAN,12,Games;Animation;Music;Foreign;Drama;Foreign;Music;Horror;Music;Classics;Sci-Fi;Foreign;Sci-Fi;Family;Sports;Classics;Games;Horror;Drama;Drama;Family;New;Music;Horror;Documentary
122,SALMA NOLTE,12,New;Action;Music;Family;Children;Music;Classics;Games;Children;Animation;Travel;Music;Animation;Animation;Children;Action;Sci-Fi;Animation;Games;Music;Music;Family;Foreign;Foreign;Horror
123,JULIANNE DENCH,12,Documentary;Family;Action;Action;Foreign;Sci-Fi;Foreign;Animation;Sci-Fi;Animation;Foreign;Classics;Travel;Sports;Family;Sports;Family;Classics;Horror;Sports;Action;Documentary;Sports;Documentary;Horror;Classics;New;Children;Sci-Fi;Animation;Documentary;Travel
125,ALBERT NOLTE,12,Documentary;Drama;Foreign;Sci-Fi;Family;Comedy;Drama;Children;Action;Comedy;Sci-Fi;Sports;Sci-Fi;Action;Foreign;Family;Sports;Children;Documentary;Family;Comedy;Foreign;Sci-Fi;Foreign;Action;Drama;Family;Music;Foreign;Games;Horror
129,DARYL CRAWFORD,12,Action;Animation;Documentary;Classics;Comedy;Drama;Comedy;Classics;Family;Sci-Fi;Family;Drama;Foreign;Foreign;Classics;Sci-Fi;Games;Sci-Fi;Foreign;Foreign;Games;Foreign;Animation;Travel;Documentary;Comedy;Drama;New;Comedy;Classics
131,JANE JACKMAN,12,Children;Children;Family;Sports;Family;Documentary;New;Sports;Classics;New;Children;Family;Horror;Children;Drama;New;Music;Animation;Documentary;Foreign;Sci-Fi;Sports;Sports;Horror;Music
132,ADAM HOPPER,12,Sci-Fi;Family;Music;Documentary;Action;Foreign;Family;Family;Comedy;New;Music;Action;Children;Sci-Fi;Documentary;Comedy;New;Drama;Classics;Horror;Sci-Fi;Music
137,MORGAN WILLIAMS,12,Foreign;Classics;Action;New;Animation;Travel;Classics;Sports;Sports;Animation;Children;Sci-Fi;Comedy;Animation;Sports;Animation;Action;Animation;Family;Family;Children;Animation;Sports;Drama;Family;Sports;Sports
143,RIVER DEAN,12,Foreign;Drama;Games;Family;Games;Animation;Games;Travel;Sports;Travel;Comedy;Documentary;Children;Documentary;Games;Documentary;Family;Comedy;Action;Comedy;Comedy;Documentary;Animation;Drama;Foreign;Foreign;Horror;Travel;Travel;Comedy;Drama
162,OPRAH KILMER,12,Documentary;Horror;Comedy;Animation;Comedy;New;Drama;Travel;Documentary;Animation;Documentary;Documentary;Sports;Children;Comedy;Horror;Foreign;Action;Sports;Music;Action;Children;Sports;Horror;Action
163,CHRISTOPHER WEST,12,Horror;New;Classics;Classics;Animation;New;Action;Children;Travel;Sci-Fi;Children;Travel;Comedy;Comedy;Sports;Travel;Children;Horror;Classics;Foreign;Documentary
169,KENNETH HOFFMAN,12,Foreign;Animation;New;Foreign;Documentary;New;Horror;Animation;Animation;Sports;Music;Travel;Children;Animation;Documentary;Family;Travel;Music;Classics;Family;Family;Classics;New;Animation;Travel;Drama;New;Documentary;Horror
171,OLYMPIA PFEIFFER,12,Sci-Fi;Drama;Classics;Travel;Documentary;Family;Sci-Fi;Action;Travel;Sci-Fi;Games;Children;Documentary;Action;Games;Foreign;Children;Sci-Fi;Travel;Games;Children;Sports;Animation;Travel;Animation;Sports;Travel;Animation
183,RUSSELL CLOSE,12,New;Documentary;Family;Sports;Horror;Comedy;Sports;Sci-Fi;Horror;Sci-Fi;Documentary;Music;Family;Action;Classics;Travel;Games;Games;Music
194,MERYL ALLEN,12,Horror;Sports;Action;Music;Travel;Drama;Sports;Music;New;Games;Games;Games;Horror;Foreign;Family;Foreign;Sports;Foreign;Children;Travel;Comedy;Sports
6,BETTE NICHOLSON,11,Action;Family;Classics;Animation;Foreign;Documentary;Sci-Fi;Animation;Sports;Travel;Sports;Children;Sports;Sports;Foreign;Animation;Travel;Animation;Sports;New
7,GRACE MOSTEL,11,New;Sports;Horror;Action;New;Foreign;Drama;Games;Drama;Drama;Action;Horror;Foreign;Sports;Classics;Drama;Classics;Sci-Fi;Sports;Drama;Drama;Foreign;Animation;New;New;Foreign;Animation;Drama;Foreign;Children
22,ELVIS MARX,11,Horror;Animation;Action;Animation;Action;Drama;Sports;Travel;Animation;Sci-Fi;Drama;Animation;Games;Children;Horror;Classics;Horror;Family;Travel;Children;Classics;Games;Drama;Action;Sci-Fi;Action
24,CAMERON STREEP,11,Documentary;Family;Foreign;Action;Foreign;Documentary;Comedy;Action;Documentary;Comedy;Sports;Horror;Comedy;Travel;Sports;Children;Drama;Family;Horror;Comedy;Games;Family;Family;Drama
44,NICK STALLONE,11,Documentary;Travel;Travel;Family;New;Sports;Comedy;Family;Sports;Sports;Travel;New;Games;Sports;Comedy;Games;New;Travel;Action;Horror;Sports;Travel;Children;Children;Sports;New;Drama;Documentary;Action;Horror
61,CHRISTIAN NEESON,11,Sci-Fi;Sports;Travel;Games;Sports;Sci-Fi;Children;Animation;Games;Travel;Sports;Horror;Classics;Drama;Family;Travel;Animation;Animation;Music;Drama;Music;Family;Sci-Fi;Family;Horror
63,CAMERON WRAY,11,Sci-Fi;Animation;Travel;Animation;Drama;Documentary;Classics;Music;Children;Sports;Classics;Sports;Games;Sports;Sci-Fi;Comedy;Drama;Documentary;Travel
83,BEN WILLIS,11,Sci-Fi;Foreign;Documentary;Children;Sports;Animation;Sports;Sci-Fi;Games;Comedy;Classics;Sports;Animation;Sports;Games;Travel;New;Sci-Fi;Documentary;Sports;Comedy;Animation;Sports;Sci-Fi;Comedy;New;Sports;Sports;Sports;Travel;Children;Children;Comedy
87,SPENCER PECK,11,Children;Children;Music;Documentary;Foreign;Action;Action;Sci-Fi;Foreign;Sports;Sports;Sports;Games;Family;Drama;Music;Music;Horror;Horror;Documentary;Foreign
97,MEG HAWKE,11,Drama;Sci-Fi;Comedy;Sports;Sports;Sci-Fi;Travel;Family;Classics;Children;Family;Sports;Documentary;Travel;Children;New;Foreign;Travel;Drama;Children;Documentary;Travel;Classics;Sci-Fi;New;Foreign;Classics
110,SUSAN DAVIS,11,Horror;Sports;Documentary;Sports;Action;Documentary;Action;Children;Action;Sci-Fi;Foreign;Travel;Classics;Drama;Foreign;Sci-Fi;Documentary;Children;Sci-Fi;Foreign;Music
113,MORGAN HOPKINS,11,Horror;Travel;Classics;Travel;Drama;Classics;Horror;Action;Sports;Foreign;Drama;Classics;Travel;Travel;Foreign;Comedy;Family;Sports;Sci-Fi;Foreign;Action;Action;Action;Sports;Music;Drama;Travel
120,PENELOPE MONROE,11,Travel;Family;New;Children;Animation;Family;Children;Music;Foreign;Children;Animation;Travel;New;Foreign;Travel;Action;Family;Sports;Family;Action;Horror;Games;Horror;Travel;Sports;Action;New
124,SCARLETT BENING,11,New;Drama;Games;Sports;Classics;Foreign;Sports;Sports;New;Games;Sci-Fi;Sports;Children;Sci-Fi;Children;Drama;Travel;Foreign;Games;Drama;Travel;Comedy;Comedy;Drama;Music;Music
135,RITA REYNOLDS,11,Horror;Travel;Horror;Travel;Foreign;Family;New;Foreign;Classics;New;Foreign;Family;Classics;Animation;Children;Documentary;Sports;Sports;Comedy;Comedy
153,MINNIE KILMER,11,Foreign;Drama;New;Classics;Sci-Fi;Family;Comedy;Family;Classics;Foreign;Classics;Documentary;Action;Comedy;Drama;Sci-Fi;New;Games;Comedy;Travel
160,CHRIS DEPP,11,Horror;Music;Family;Comedy;New;Horror;Drama;Foreign;Classics;Classics;Action;Comedy;Children;Music;Foreign;Action;Travel;Children;Classics;New
172,GROUCHO WILLIAMS,11,Travel;Foreign;Foreign;Games;Games;Family;Drama;Comedy;Children;Classics;Foreign;Comedy;New;Foreign;Travel;Family;Animation;Foreign;Sports;Family;Classics;Drama;Drama;Children;Children
177,GENE MCKELLEN,11,Music;Sci-Fi;Foreign;Sci-Fi;Music;Family;Comedy;Sci-Fi;Sports;New;Music;Drama;Animation;Family;Comedy;Travel;Games;Animation;Drama;Games;Foreign;New;Sports;Sports;Drama;Drama;Games
3,ED CHASE,10,Music;Documentary;Sports;Travel;Action;Foreign;New;Action;Documentary;Classics;Documentary;Documentary;Sports;Classics;Drama;Drama;New;Drama;Documentary;Sci-Fi;Foreign;Documentary
8,MATTHEW JOHANSSON,10,Foreign;Action;Music;Drama;Sci-Fi;Action;Music;Sports;New;Drama;Family;Classics;Sports;Classics;Music;Foreign;Drama;Animation;Classics;Music
31,SISSY SOBIESKI,10,Travel;Drama;New;Documentary;Comedy;Travel;Comedy;Drama;Foreign;Foreign;Drama;Sci-Fi;Family;Drama;Action;Action;Animation;Comedy
43,KIRK JOVOVICH,10,Action;Sports;Action;Animation;Action;Family;Music;Classics;Animation;Comedy;Animation;Children;Family;Family;Comedy;Music;Foreign;Sports;Foreign;Children;Family;Family;Drama;Children;Sports;Drama
71,ADAM GRANT,10,Sci-Fi;Foreign;Travel;Comedy;Family;Games;Comedy;Foreign;Children;Sports;Games;Action;Comedy;Sports;Children;Classics;Children;Games
89,CHARLIZE DENCH,10,Foreign;Travel;Games;Action;Comedy;Sports;Action;Sports;Classics;Games;Travel;Games;Comedy;Sports;Drama;Sports;Comedy;Action;Animation;Action;Children;Children;Classics;Games
186,JULIA ZELLWEGER,10,New;Sports;Animation;Classics;Sports;Sci-Fi;Classics;Games;Documentary;Action;Sci-Fi;Travel;Games;Sports;Music;New
200,THORA TEMPLE,10,Family;Sci-Fi;Family;Classics;Animation;Children;Classics;Family;Music;New;Sports;Classics;New;Documentary;Sci-Fi;Music;Sci-Fi;Documentary;Drama;Children
88,KENNETH PESCI,9,Horror;Music;Travel;Foreign;Foreign;Animation;Sci-Fi;Children;Sci-Fi;Sci-Fi;Sports;Action;Travel;Music;Sci-Fi;Horror;Foreign;Foreign;Sports;Action
148,EMILY DEE,9,Sports;Travel;Music;Children;New;Travel;Drama;Sci-Fi;Children;Classics;Music;Children;Drama;Foreign
35,JUDY DEAN,8,Sports;Horror;Foreign;Foreign;Sports;Sports;Documentary;Sports;Animation;Action;Action;Foreign;Action;Sci-Fi;Travel
199,JULIA FAWCETT,8,Action;Travel;Family;Comedy;New;Classics;Animation;Comedy;Foreign;Foreign;New;Travel;Travel;Animation;Animation
